Complex,Complex Size,Leiden Jaccard,Leiden N_shared,Leiden Best Comm Size,Louvain Jaccard,Louvain N_shared,Louvain Best Comm Size,Label Propagation Jaccard,Label Propagation N_shared,Label Propagation Best Comm Size,SBM (Spectral proxy) Jaccard,SBM (Spectral proxy) N_shared,SBM (Spectral proxy) Best Comm Size,Clique Percolation Jaccard,Clique Percolation N_shared,Clique Percolation Best Comm Size,Consensus Jaccard,Consensus N_shared,Consensus Best Comm Size,MCL (XGW baseline) Jaccard,MCL (XGW baseline) N_shared,MCL (XGW baseline) Best Comm Size
"1,3-beta-glucan synthase complex (Fks1p/Rho1p)",2,0.0043,2,467,0.0192,1,51,0.0005,2,3840,0.0004,2,4540,0.6667,2,3,0.0029,2,690,0.0,0,0
"1,3-beta-glucan synthase complex (Gsc2p/Smk1p)",2,0.0021,1,467,0.0022,1,451,0.0005,2,3840,0.0004,2,4540,0.0005,1,1869,0.0014,1,690,0.125,1,7
"Arg2p/Arg5,6p complex",2,0.0084,2,239,0.0064,2,312,0.0,0,0,0.0004,2,4540,0.0,0,0,0.005,2,399,0.0,0,0
"Cytochrome bc1 complex (Ubiquinol-cytochrome c reductase complex, complex III)",10,0.0053,1,180,0.0063,1,151,0.0016,6,3840,0.0015,7,4540,0.0833,1,3,0.0029,1,340,0.1818,2,3
"H+-transporting ATPase, Golgi",13,0.0221,6,265,0.0307,9,289,0.0075,3,389,0.0029,13,4540,0.0667,1,3,0.0122,6,486,0.4667,7,9
"H+-transporting ATPase, vacuolar",13,0.0221,6,265,0.0307,9,289,0.0075,3,389,0.0029,13,4540,0.0667,1,3,0.0122,6,486,0.375,6,9
"actin cytoskeleton-regulatory complex, Pan1p/Sla1p/End3p complex",3,0.01,2,199,0.0058,2,345,0.0008,3,3840,0.0007,3,4540,0.0016,3,1869,0.0042,2,477,0.1667,2,11
"alpha,alpha-trehalose-phosphate synthase complex (UDP-forming)",4,0.0167,4,239,0.0059,2,335,0.001,4,3840,0.0009,4,4540,0.8,4,5,0.0041,2,483,1.0,4,4
"alpha-1,6-mannosyltransferase complex(Anp1p/Mnn9p)",5,0.0088,4,451,0.0082,4,487,0.3333,4,11,0.0011,5,4540,0.6667,4,5,0.0086,4,462,0.8,4,4
"alpha-1,6-mannosyltransferase complex(Van1p/Mnn9p)",2,0.0038,1,265,0.0034,1,289,0.0005,2,3840,0.0004,2,4540,0.0005,1,1869,0.0021,1,486,0.0,0,0
19/22S regulator,22,0.116,21,180,0.0259,21,809,0.04,1,4,0.0048,22,4540,0.0417,1,3,0.0235,21,892,0.3214,9,15
20S proteasome,14,0.0778,14,180,0.0977,13,132,0.0036,14,3840,0.0031,14,4540,0.0625,1,3,0.0272,13,477,0.2667,4,5
6-phosphofructokinase complex,2,0.0025,2,792,0.0025,2,809,0.0005,2,3840,0.0004,2,4540,0.0011,2,1869,0.0022,2,892,0.0,0,0
AP-1 adaptor complex,5,0.0113,4,353,0.0108,4,368,0.0013,5,3840,0.0011,5,4540,1.0,5,5,0.0098,4,408,0.8,4,4
AP-2 adaptor complex,4,0.0123,3,242,0.0096,3,310,0.001,4,3840,0.0009,4,4540,1.0,4,4,0.0088,3,340,1.0,4,4
AP-3 adaptor complex,4,0.0126,3,238,0.0087,3,345,0.001,4,3840,0.0009,4,4540,0.0021,4,1869,0.0063,3,477,1.0,4,4
ARGR complex,4,0.0245,4,163,0.0109,4,368,0.001,4,3840,0.0009,4,4540,0.6667,4,6,0.0098,4,408,0.6667,4,6
Ada2p/Gcn5p/Ada3 transcription activator complex,5,0.0126,4,316,0.0119,4,335,0.0013,5,3840,0.0011,5,4540,0.0021,4,1869,0.0083,4,483,0.2857,2,4
Apg12p/Apg5p/Apg16 multimeric complex,3,0.0028,1,353,0.0027,1,368,0.0008,3,3840,0.0007,3,4540,0.0016,3,1869,0.0024,1,408,0.75,3,4
Arp2/3 protein complex,7,0.03,6,199,0.0173,6,345,0.0018,7,3840,0.0015,7,4540,0.0909,1,5,0.0126,6,477,0.7,7,10
Atg20p/Snx4p/Snx41p complex,3,0.0043,2,467,0.0044,2,451,0.0008,3,3840,0.0007,3,4540,0.0005,1,1869,0.0029,2,690,0.0588,1,15
Aurora B-INCENP protein kinase complex,2,0.0043,2,467,0.0044,2,451,0.0005,2,3840,0.0004,2,4540,0.2,2,10,0.0029,2,690,0.5,2,4
Bi3 ribonucleoprotein complex,2,0.005,1,199,0.0029,1,345,0.0003,1,3840,0.0002,1,4540,0.0,0,0,0.0021,1,477,0.0,0,0
Bi4p/Nam2p complex,2,0.0,0,0,0.0,0,0,0.0,0,0,0.0,0,0,0.0,0,0,0.0,0,0,0.0,0,0
Bni4p/Glc7p complex,2,0.0164,1,60,0.002,1,487,0.0005,2,3840,0.0004,2,4540,0.0005,1,1869,0.0014,1,690,0.0588,1,16
Bub1p/Bub3p complex,2,0.0025,2,792,0.0022,1,451,0.0005,2,3840,0.0004,2,4540,0.0,0,0,0.0022,2,892,0.0,0,0
Bub2p/Bfa1p complex,2,0.0025,2,792,0.0025,2,809,0.0005,2,3840,0.0004,2,4540,0.0011,2,1869,0.0022,2,892,0.2,1,4
Bud14p/Glc7p complex,2,0.0164,1,60,0.0032,1,312,0.0005,2,3840,0.0004,2,4540,0.1,1,9,0.0025,1,399,0.0588,1,16
CAAX-protein geranylgeranyltransferase complex,2,0.0043,2,467,0.0044,2,451,0.6667,2,3,0.5,2,4,0.0,0,0,0.0029,2,690,0.0,0,0
CBF3 complex,4,0.0064,3,467,0.0103,3,289,0.001,4,3840,0.0009,4,4540,0.25,2,6,0.0043,3,690,0.1667,1,3
CCAAT-binding factor complex,4,0.0063,2,316,0.0059,2,335,0.001,4,3840,0.0009,4,4540,0.0016,3,1869,0.0041,2,483,0.5,3,5
CCR4-NOT core complex,9,0.0252,8,316,0.0238,8,335,0.0023,9,3840,0.002,9,4540,0.0048,9,1869,0.0165,8,483,0.7778,7,7
COMA complex,4,0.0086,4,467,0.0138,4,289,0.001,4,3840,0.0009,4,4540,0.4286,3,6,0.0058,4,690,0.0,0,0
COMPASS complex,8,0.1333,8,60,0.1702,8,47,0.0021,8,3840,0.0018,8,4540,1.0,8,8,0.0201,8,399,0.875,7,7
COPI,8,0.025,6,238,0.0173,6,345,0.0021,8,3840,0.0018,8,4540,0.0043,8,1869,0.0125,6,477,0.4545,5,8
COPII,11,0.0247,6,238,0.0201,7,345,0.005,2,389,0.0024,11,4540,0.0769,1,3,0.0146,7,477,0.2308,3,5
CORVET complex,6,0.0209,5,238,0.0145,5,345,0.0013,5,3840,0.0011,5,4540,0.0667,1,10,0.0105,5,477,0.375,3,5
CURI complex,4,0.0063,2,318,0.0185,1,51,0.001,4,3840,0.0009,4,4540,0.0011,2,1869,0.005,2,399,0.1667,1,3
Car1p/Arg3p complex,2,0.0025,2,792,0.0025,2,809,0.0005,2,3840,0.0004,2,4540,0.25,1,3,0.0022,2,892,0.25,1,3
Cbf1p/Met4p/Met28p complex,3,0.0055,1,180,0.0044,2,451,0.0008,3,3840,0.0007,3,4540,1.0,3,3,0.0043,3,690,0.2,1,3
Cbp1p/Pet309p complex,2,0.0031,1,321,0.0032,1,310,0.0003,1,3840,0.0002,1,4540,0.0,0,0,0.0029,1,340,0.0,0,0
Cdc24p/Far1p/Gbetagamma protein complex,4,0.0159,1,60,0.004,1,248,0.001,4,3840,0.0009,4,4540,0.3333,2,4,0.0022,2,892,0.4,2,3
Cdc28p/Clb1p complex,2,0.0043,2,467,0.0044,2,451,0.0005,2,3840,0.0004,2,4540,0.25,1,3,0.0029,2,690,0.0465,2,43
Cdc28p/Clb2p complex,2,0.0055,1,180,0.0044,2,451,0.0005,2,3840,0.0004,2,4540,0.25,1,3,0.0029,2,690,0.0227,1,43
Cdc28p/Clb3p complex,2,0.0043,2,467,0.0044,2,451,0.0005,2,3840,0.0004,2,4540,0.25,1,3,0.0029,2,690,0.0465,2,43
Cdc28p/Clb4p complex,2,0.0043,2,467,0.0044,2,451,0.0005,2,3840,0.0004,2,4540,0.25,1,3,0.0029,2,690,0.0465,2,43
Cdc28p/Clb5p complex,2,0.0043,2,467,0.0044,2,451,0.0005,2,3840,0.0004,2,4540,0.25,1,3,0.0029,2,690,0.0465,2,43
Cdc28p/Clb6p complex,2,0.0021,1,467,0.0022,1,451,0.0003,1,3840,0.0002,1,4540,0.25,1,3,0.0014,1,690,0.0227,1,43
Cdc28p/Cln1p complex,2,0.0055,1,180,0.0022,1,451,0.0005,2,3840,0.0004,2,4540,0.25,1,3,0.0014,1,690,0.0227,1,43
Cdc28p/Cln2p complex,2,0.0021,1,467,0.0022,1,451,0.0005,2,3840,0.0004,2,4540,0.25,1,3,0.0014,1,690,0.25,1,3
Cdc28p/Cln3p complex,2,0.0043,2,467,0.0044,2,451,0.0005,2,3840,0.0004,2,4540,0.25,1,3,0.0029,2,690,0.0465,2,43
Cdc42p/Ste20p complex,2,0.0021,1,467,0.0022,1,451,0.0005,2,3840,0.0004,2,4540,0.25,1,3,0.0014,1,690,0.0,0,0
Cdc48p complex,3,0.0041,1,242,0.0161,2,123,0.0008,3,3840,0.0007,3,4540,0.0016,3,1869,0.0041,2,486,0.1667,2,11
Cdc73p/Paf1p complex,7,0.0207,5,239,0.0159,5,312,0.0018,7,3840,0.0015,7,4540,0.1,1,4,0.0125,5,399,0.1111,1,3
Cdc7p/Dbf4p complex,2,0.0021,1,467,0.0022,1,451,0.0005,2,3840,0.0004,2,4540,0.5,2,4,0.0014,1,690,0.0227,1,43
Chs5p/Arf-1binding proteins (ChAPs),6,0.0093,3,321,0.0195,3,151,0.0013,5,3840,0.0011,5,4540,0.0005,1,1869,0.0087,3,340,0.0,0,0
Chz1p/Htz1p/Htb1p complex,3,0.0061,1,163,0.0135,2,147,0.0008,3,3840,0.0007,3,4540,0.1429,1,5,0.0025,1,399,0.1111,1,7
Clathrin,2,0.0042,1,238,0.0029,1,345,0.0005,2,3840,0.0004,2,4540,0.5,2,4,0.0021,1,477,0.4,2,5
Cox14p/Cox1p/Mss51p complex,3,0.0037,1,265,0.0034,1,289,0.0051,2,389,0.0004,2,4540,0.0,0,0,0.0022,1,462,0.0,0,0
Csh1p/Csg2p complex,2,0.0028,1,353,0.0041,2,487,0.0051,2,389,0.0004,2,4540,0.0005,1,1869,0.0043,2,462,0.0,0,0
Csm1p/Lrs4p complex,2,0.0043,2,467,0.0044,2,451,0.0005,2,3840,0.0004,2,4540,0.0011,2,1869,0.0029,2,690,0.1667,1,5
Ctf3p protein complex,3,0.0043,2,467,0.0044,2,451,0.0008,3,3840,0.0007,3,4540,0.0,0,0,0.0029,2,690,0.0,0,0
Cul3p-RING ubiquitin ligase complex,5,0.0109,2,180,0.0063,2,312,0.0013,5,3840,0.0011,5,4540,0.0016,3,1869,0.005,2,399,0.0909,1,7
Cytochrome c oxidase (complex IV),11,0.0111,4,353,0.0135,4,289,0.0769,1,3,0.0018,8,4540,0.0769,1,3,0.0096,4,408,0.0769,1,3
Cytoplasmic exosome complex,10,0.0283,10,353,0.0272,10,368,0.6667,10,15,0.0022,10,4540,0.0054,10,1869,0.0245,10,408,0.5,5,5
DASH complex,10,0.0149,7,467,0.0154,7,451,0.0018,7,3840,0.0015,7,4540,0.5385,7,10,0.0101,7,690,0.4,4,4
DNA ligase IV,2,0.0063,2,318,0.0032,1,310,0.0005,2,3840,0.0004,2,4540,0.25,1,3,0.005,2,399,0.25,1,3
DNA polymerase delta complex,3,0.0075,2,265,0.0244,3,123,0.0008,3,3840,0.0007,3,4540,1.0,3,3,0.0062,3,486,0.6,3,5
DNA polymerase epsilon complex,4,0.0151,4,265,0.0325,4,123,0.001,4,3840,0.0009,4,4540,0.0021,4,1869,0.0082,4,486,0.8,4,5
DNA replication factor A complex,3,0.0038,3,792,0.0037,3,809,0.0008,3,3840,0.0007,3,4540,0.0016,3,1869,0.0034,3,892,0.1111,1,7
DNA replication factor C complex (Ctf18p/Ctf8p/dcc1p),7,0.0076,6,792,0.0236,3,123,0.0018,7,3840,0.0015,7,4540,0.0032,6,1869,0.0067,6,892,0.5556,5,7
DNA replication factor C complex (Elg1p),5,0.0063,5,792,0.0079,1,123,0.0013,5,3840,0.0011,5,4540,0.0027,5,1869,0.0056,5,892,0.5,4,7
DNA replication factor C complex (Rad24p),5,0.0063,5,792,0.0079,1,123,0.0013,5,3840,0.0011,5,4540,0.0027,5,1869,0.0056,5,892,0.3333,3,7
DNA replication factor C complex (Rcf1p),5,0.005,4,792,0.0159,2,123,0.0013,5,3840,0.0011,5,4540,0.0027,5,1869,0.0045,4,892,0.5,4,7
DNA-directed RNA polymerase I complex,14,0.0455,11,239,0.0714,11,151,0.0034,13,3840,0.0029,13,4540,0.0625,1,3,0.0205,10,483,0.1875,3,5
DNA-directed RNA polymerase II complex,12,0.0502,12,239,0.0795,12,151,0.0031,12,3840,0.0026,12,4540,0.0064,12,1869,0.0248,12,483,0.2353,4,9
DNA-directed RNA polymerase III complex,17,0.0667,16,239,0.098,15,151,0.0044,17,3840,0.0037,17,4540,0.0526,1,3,0.0309,15,483,0.381,8,12
DSIF complex,2,0.0084,2,239,0.0064,2,312,0.0005,2,3840,0.0004,2,4540,0.0011,2,1869,0.005,2,399,0.6667,2,3
Dcs1p/Dcs2 heterodimer,2,0.005,1,199,0.0034,1,289,0.0005,2,3840,0.0004,2,4540,0.0,0,0,0.0021,1,486,0.0,0,0
Decapping Enzyme Complex,2,0.0062,2,321,0.0065,2,310,0.0005,2,3840,0.0004,2,4540,0.0011,2,1869,0.0059,2,340,0.2,1,4
Def1p/Rad26p complex,2,0.0025,2,792,0.0025,2,809,0.0005,2,3840,0.0004,2,4540,0.0005,1,1869,0.0022,2,892,0.0,0,0
Dig1p/Ste12p/Dig2p complex,3,0.0061,1,163,0.0025,2,809,0.0008,3,3840,0.0007,3,4540,0.125,1,6,0.0022,2,892,0.0,0,0
Dop1p/Mon2p complex,2,0.0031,1,321,0.0022,1,451,0.0003,1,3840,0.0002,1,4540,0.0,0,0,0.0014,1,690,0.0,0,0
Dpb11p/Sld2p complex,2,0.0025,2,792,0.0025,2,809,0.0005,2,3840,0.0004,2,4540,0.25,1,3,0.0022,2,892,0.25,1,3
Dsl1p complex,6,0.0124,3,238,0.0115,4,345,0.0025,1,389,0.0013,6,4540,0.0021,4,1869,0.0084,4,477,0.5,3,3
EGO complex,3,0.0126,3,239,0.0082,3,368,0.0008,3,3840,0.0007,3,4540,0.75,3,4,0.0074,3,408,0.75,3,4
EKC/KEOPS protein complex,5,0.0038,3,792,0.0037,3,809,0.001,4,3840,0.0009,4,4540,0.0005,1,1869,0.0034,3,892,0.0526,1,15
ER V-ATPase assembly complex,2,0.0075,2,265,0.0069,2,289,0.0005,2,3840,0.0004,2,4540,0.0011,2,1869,0.0041,2,486,0.5,2,4
ESCRT I complex,4,0.0222,4,180,0.0074,1,132,0.001,4,3840,0.0009,4,4540,0.2727,3,10,0.0025,1,399,0.4,2,3
ESCRT II complex,3,0.0113,3,265,0.0104,3,289,0.6,3,5,0.0007,3,4540,0.75,3,4,0.0062,3,486,0.75,3,4
ESCRT III complex,4,0.0075,2,265,0.0103,3,289,0.125,1,5,0.0007,3,4540,0.1667,1,3,0.0041,2,486,0.1429,1,4
Eisosome,2,0.0025,2,792,0.0025,2,809,0.0005,2,3840,0.0004,2,4540,0.0011,2,1869,0.0022,2,892,0.3333,2,6
Ela1p/Elc1p complex,2,0.0055,1,180,0.0064,2,312,0.0005,2,3840,0.0004,2,4540,0.0005,1,1869,0.005,2,399,0.0,0,0
Elongator complex,6,0.0251,6,239,0.0397,6,151,0.6667,6,9,0.6,6,10,0.8571,6,7,0.0124,6,483,0.7143,5,6
Erv41p/Erv46p complex,2,0.0044,2,451,0.0041,2,487,0.0026,1,389,0.0004,2,4540,0.6667,2,3,0.0043,2,462,0.6667,2,3
Esp1p/Pds1p complex,2,0.0025,2,792,0.0027,1,368,0.0005,2,3840,0.0004,2,4540,0.0005,1,1869,0.0022,2,892,0.0,0,0
Exocyst complex,8,0.0171,8,467,0.0177,8,451,0.0021,8,3840,0.0018,8,4540,0.6667,6,7,0.0116,8,690,0.875,7,7
F0/F1 ATP synthase (complex V),18,0.0176,14,792,0.016,13,809,0.0044,17,3840,0.0037,17,4540,0.05,1,3,0.0156,14,892,0.8,16,18
FACT complex,2,0.0063,2,318,0.0068,1,147,0.0005,2,3840,0.0004,2,4540,0.0011,2,1869,0.005,2,399,0.2,1,4
FBP degradation complex,8,0.0149,1,60,0.0086,7,809,0.0018,7,3840,0.0015,7,4540,0.6667,6,7,0.0078,7,892,0.6667,6,7
Far3p/Far7p/Far8p/Far9p/Far10p/Far11p complex,6,0.005,4,792,0.0049,4,809,0.0016,6,3840,0.0013,6,4540,0.125,1,3,0.0045,4,892,0.8571,6,7
Fatty Acid Import Complex,3,0.0042,1,238,0.0029,1,345,0.0008,3,3840,0.0007,3,4540,0.0005,1,1869,0.0022,2,892,0.0769,1,11
Fig4p/Vac14p complex,2,0.0055,1,180,0.0075,1,132,0.0003,1,3840,0.0002,1,4540,0.0005,1,1869,0.0021,1,477,0.0909,1,10
Fth1p/Fet5p complex,2,0.0022,1,451,0.0192,1,51,0.0026,1,389,0.0004,2,4540,0.0005,1,1869,0.0022,1,462,0.0208,1,47
GAL3p/GAL80p complex,2,0.0111,2,180,0.0025,2,809,0.0005,2,3840,0.0004,2,4540,0.0005,1,1869,0.0022,2,892,0.0833,1,11
GAL4p/GAL80p complex,2,0.0055,1,180,0.003,1,335,0.0005,2,3840,0.0004,2,4540,0.0011,2,1869,0.0021,1,483,0.0833,1,11
GARP complex,4,0.0168,4,238,0.0116,4,345,0.001,4,3840,0.0009,4,4540,0.6667,4,6,0.0084,4,477,0.5714,4,7
GCR complex,2,0.0038,1,265,0.0081,1,123,0.0005,2,3840,0.0004,2,4540,0.0,0,0,0.0029,1,340,0.0,0,0
GET complex,3,0.0126,3,238,0.0087,3,345,0.0008,3,3840,0.0007,3,4540,1.0,3,3,0.0063,3,477,1.0,3,3
GINS complex,4,0.0151,4,265,0.0325,4,123,0.001,4,3840,0.0009,4,4540,0.0016,3,1869,0.0082,4,486,0.375,3,7
GPI-anchor transamidase complex,5,0.0066,3,451,0.0074,1,132,0.0051,2,389,0.0009,4,4540,0.1429,1,3,0.0065,3,462,0.2,2,7
GSE Complex,5,0.0167,4,239,0.0108,4,368,0.0013,5,3840,0.0011,5,4540,0.8,4,4,0.0098,4,408,0.8,4,4
GSH degradosomal complex,3,0.0126,3,238,0.0058,2,345,0.0008,3,3840,0.0007,3,4540,0.0,0,0,0.0042,2,477,0.0,0,0
Gac1p/Glc7p complex,2,0.0164,1,60,0.0022,1,451,0.0005,2,3840,0.0004,2,4540,0.0011,2,1869,0.0014,1,690,0.0588,1,16
Gcd10p/Gcd14p complex,2,0.0042,1,239,0.003,1,335,0.0003,1,3840,0.0004,2,4540,0.0005,1,1869,0.0021,1,483,0.2,1,4
Gcn1p/Gcn20p complex,2,0.0025,2,792,0.0054,2,368,0.0005,2,3840,0.0004,2,4540,0.2,2,10,0.0022,2,892,0.6667,2,3
Geranylgeranyltransferase II (GGTase II),2,0.0083,2,242,0.0081,2,248,0.0005,2,3840,0.0004,2,4540,0.0,0,0,0.0041,2,486,0.0,0,0
Gip1p/Glc7p complex,2,0.0164,1,60,0.0022,1,451,0.0005,2,3840,0.0004,2,4540,0.0011,2,1869,0.0014,1,690,0.125,2,16
Golgi transport complex,8,0.0207,5,238,0.0173,6,345,0.0021,8,3840,0.0018,8,4540,0.0027,5,1869,0.0125,6,477,0.4,4,6
Grh1p/Bug1p complex,2,0.0032,1,316,0.003,1,335,0.0005,2,3840,0.0004,2,4540,0.0,0,0,0.0021,1,483,0.0,0,0
Gyl1p/Gyp5p complex,2,0.005,1,199,0.0058,2,345,0.0005,2,3840,0.0004,2,4540,0.0005,1,1869,0.0042,2,477,0.0769,1,12
HAT-B complex,3,0.0041,1,239,0.0032,1,312,0.0008,3,3840,0.0007,3,4540,0.0016,3,1869,0.0025,1,399,0.75,3,4
HIR complex,4,0.0062,2,321,0.0079,1,123,0.001,4,3840,0.0009,4,4540,0.125,2,14,0.0058,2,340,0.0769,1,10
HMC Complex,4,0.0038,3,792,0.0037,3,809,0.001,4,3840,0.0009,4,4540,0.1667,1,3,0.0034,3,892,0.1429,1,4
HOPS complex,6,0.0252,6,238,0.0174,6,345,0.0016,6,3840,0.0013,6,4540,0.125,1,3,0.0126,6,477,0.375,3,5
Holliday junction resolvase complex,2,0.005,1,199,0.0032,1,312,0.0005,2,3840,0.0004,2,4540,0.0011,2,1869,0.0025,1,399,0.0833,1,11
Hop2p/Mnd1p complex,2,0.0021,1,467,0.0075,1,132,0.0003,1,3840,0.0002,1,4540,0.0,0,0,0.0014,1,690,0.0,0,0
Hse1p/Vps27p complex,2,0.0111,2,180,0.0029,1,345,0.0005,2,3840,0.0004,2,4540,0.2,2,10,0.0021,1,477,0.0,0,0
Hym1p/Kic1p/Sog2p complex,3,0.0042,1,238,0.0069,2,289,0.0008,3,3840,0.0007,3,4540,0.0,0,0,0.0021,1,477,0.0,0,0
ISW1a complex,2,0.0123,2,163,0.0136,2,147,0.0005,2,3840,0.0004,2,4540,0.0011,2,1869,0.0029,2,690,0.2857,2,7
ISW1b complex,3,0.0122,2,163,0.0135,2,147,0.0008,3,3840,0.0007,3,4540,0.0005,1,1869,0.0029,1,340,0.1111,1,7
Ino2p/Ino4p basic helix-loop-helix heteromeric complex,2,0.0031,1,318,0.0136,2,147,0.0005,2,3840,0.0004,2,4540,0.25,1,3,0.0025,1,399,0.25,1,3
Ino80p complex,12,0.0355,6,163,0.0258,4,147,0.0029,11,3840,0.0024,11,4540,0.0048,9,1869,0.0072,5,690,0.3333,4,4
Isocitrate dehydrogenase,2,0.0025,2,792,0.0025,2,809,0.0005,2,3840,0.0004,2,4540,0.0011,2,1869,0.0022,2,892,0.0,0,0
Kel1p/Kel2p complex,2,0.0043,2,467,0.0044,2,451,0.0005,2,3840,0.0004,2,4540,0.25,1,3,0.0029,2,690,0.25,1,3
Kel1p/Kel2p/Lte1p complex,3,0.0064,3,467,0.0067,3,451,0.0008,3,3840,0.0007,3,4540,0.2,1,3,0.0043,3,690,0.5,2,3
Kornberg's mediator (SRB) complex,25,0.0791,25,316,0.0746,25,335,0.0065,25,3840,0.0055,25,4540,0.037,1,3,0.0518,25,483,0.3846,10,11
Ku complex,2,0.0025,2,792,0.0025,2,809,0.0005,2,3840,0.0004,2,4540,0.25,1,3,0.0022,2,892,0.2,1,4
LMA1 complex,2,0.0042,1,239,0.003,1,335,0.0003,1,3840,0.0002,1,4540,0.0,0,0,0.0021,1,483,0.0,0,0
Lge1p/Bre1p complex,2,0.0043,2,467,0.0044,2,451,0.0005,2,3840,0.0004,2,4540,0.0005,1,1869,0.0029,2,690,0.0,0,0
MBF complex,2,0.0043,2,467,0.0044,2,451,0.0005,2,3840,0.0004,2,4540,0.0005,1,1869,0.0029,2,690,0.25,1,3
MIND complex,4,0.0082,2,242,0.004,1,248,0.0026,1,389,0.0007,3,4540,0.1667,1,3,0.0021,1,477,0.0,0,0
MRX complex,3,0.0025,2,792,0.0025,2,809,0.0008,3,3840,0.0007,3,4540,0.2,1,3,0.0022,2,892,0.2,1,3
MSH2p/MSH3p complex,2,0.0025,2,792,0.0025,2,809,0.0005,2,3840,0.0004,2,4540,0.2,1,4,0.0022,2,892,0.2,1,4
MSH2p/MSH6p complex,2,0.0025,2,792,0.0025,2,809,0.0005,2,3840,0.0004,2,4540,0.2,1,4,0.0022,2,892,0.2,1,4
Mad1p/Mad2p complex,2,0.0043,2,467,0.0044,2,451,0.0005,2,3840,0.0004,2,4540,0.6667,2,3,0.0029,2,690,0.6667,2,3
Mcm2-7 complex,6,0.0226,6,265,0.0488,6,123,0.0016,6,3840,0.0013,6,4540,0.1111,1,4,0.0123,6,486,0.2857,4,12
Mdm12p/Mmm1p/Mdm10p complex,3,0.0085,3,353,0.0448,3,67,0.0008,3,3840,0.0007,3,4540,0.0016,3,1869,0.0074,3,408,0.4286,3,7
Mei5p/Sae3p complex,2,0.0055,1,180,0.0068,1,147,0.0005,2,3840,0.0004,2,4540,0.0,0,0,0.0021,1,483,0.0,0,0
Met4p/Met28p/Met31p complex,3,0.0055,1,180,0.0067,3,451,0.0008,3,3840,0.0007,3,4540,0.5,2,3,0.0043,3,690,0.0,0,0
Met4p/Met28p/Met32p complex,3,0.011,2,180,0.0067,3,451,0.0008,3,3840,0.0007,3,4540,0.5,2,3,0.0043,3,690,0.0,0,0
Mgm1p/Ugo1p/Fzo1p complex,3,0.0031,1,316,0.003,1,335,0.0026,1,389,0.0004,2,4540,0.0,0,0,0.0022,1,462,0.0,0,0
Mks1p/Rtg2p complex,2,0.0042,1,239,0.0032,1,312,0.0005,2,3840,0.0004,2,4540,0.0,0,0,0.0025,1,399,0.0,0,0
Mlh1p/Mlh2p complex,2,0.0041,1,242,0.004,1,248,0.0005,2,3840,0.0004,2,4540,0.25,1,3,0.0021,1,486,0.2,1,4
Mlh1p/Mlh3p complex,2,0.0025,2,792,0.0025,2,809,0.0005,2,3840,0.0004,2,4540,0.6667,2,3,0.0022,2,892,0.0,0,0
Mlh1p/Pms1p complex,2,0.0025,2,792,0.0025,2,809,0.0005,2,3840,0.0004,2,4540,0.25,1,3,0.0022,2,892,0.2,1,4
Mob1p/Dbf2p complex,2,0.0021,1,467,0.0022,1,451,0.0005,2,3840,0.0004,2,4540,0.0011,2,1869,0.0014,1,690,0.0227,1,43
Mob2p/Cbk1p complex,2,0.0025,2,792,0.0025,2,809,0.0005,2,3840,0.0004,2,4540,0.6667,2,3,0.0022,2,892,0.4,2,5
Mon1p/Ccz1p complex,2,0.0084,2,238,0.0058,2,345,0.0005,2,3840,0.0004,2,4540,0.0005,1,1869,0.0042,2,477,0.1667,1,5
Mot1p complex,2,0.0061,1,163,0.0068,1,147,0.0005,2,3840,0.0004,2,4540,0.1429,1,6,0.0021,1,483,0.0,0,0
Mps2p/Bbp1p complex,3,0.0043,2,467,0.0044,2,451,0.0008,3,3840,0.0007,3,4540,0.0011,2,1869,0.0029,2,690,0.0455,2,43
Mst27p/Mst28p complex,2,0.0044,2,451,0.0041,2,487,0.0051,2,389,0.0004,2,4540,0.0011,2,1869,0.0043,2,462,0.6667,2,3
Mtk1p/Pbp1p complex,2,0.0028,1,353,0.0027,1,368,0.0005,2,3840,0.0004,2,4540,0.0011,2,1869,0.0024,1,408,0.25,1,3
Mto1p/Mss1p complex,2,0.0101,2,199,0.0058,2,345,0.0005,2,3840,0.0004,2,4540,0.0,0,0,0.0042,2,477,0.0,0,0
Mtr2p/Mex67p complex,2,0.0164,1,60,0.0208,1,47,0.0005,2,3840,0.0004,2,4540,0.1429,1,6,0.0025,1,399,0.0,0,0
NC2 complex,2,0.0101,2,199,0.0058,2,345,0.0,0,0,0.0004,2,4540,0.0,0,0,0.0042,2,477,0.0,0,0
NatA complex,3,0.0063,2,318,0.0064,2,312,0.0005,2,3840,0.0004,2,4540,0.0011,2,1869,0.005,2,399,0.4,2,4
NatB complex,2,0.0,0,0,0.0,0,0,0.0,0,0,0.0,0,0,0.0,0,0,0.0,0,0,0.0,0,0
NatC complex,3,0.0093,3,321,0.0097,3,310,1.0,3,3,0.0007,3,4540,1.0,3,3,0.0088,3,340,1.0,3,3
Ndc80p complex,4,0.0064,3,467,0.0066,3,451,0.001,4,3840,0.0009,4,4540,0.0021,4,1869,0.0043,3,690,0.4,2,3
Nem1p/Spo7p complex,2,0.0043,2,467,0.0392,2,51,0.0005,2,3840,0.0004,2,4540,0.0,0,0,0.0029,2,690,0.0,0,0
Nfs1p/Isd11p complex,2,0.0042,1,238,0.0029,1,345,0.0003,1,3840,0.0002,1,4540,0.0,0,0,0.0021,1,477,0.0,0,0
Noc1p/Noc2p complex,2,0.0063,2,318,0.0064,2,312,0.0005,2,3840,0.0004,2,4540,0.0011,2,1869,0.005,2,399,0.25,1,3
Noc2p/Noc3p complex,2,0.0063,2,318,0.0064,2,312,0.0005,2,3840,0.0004,2,4540,0.0011,2,1869,0.005,2,399,0.4,2,5
Noc4p/Nop14p complex,2,0.0063,2,318,0.0064,2,312,0.0005,2,3840,0.0004,2,4540,0.0011,2,1869,0.005,2,399,0.0741,2,27
Nonsense-mediated mRNA decay pathway complex,3,0.0094,3,318,0.0075,1,132,0.0008,3,3840,0.0007,3,4540,0.75,3,4,0.0075,3,399,1.0,3,3
Npa2p-containing subcomplex,5,0.0156,1,60,0.0096,3,312,0.001,4,3840,0.0009,4,4540,0.0005,1,1869,0.0075,3,399,0.1111,1,5
Nsp1p complex,4,0.0113,4,353,0.0109,4,368,0.001,4,3840,0.0009,4,4540,0.0021,4,1869,0.0098,4,408,0.2857,2,5
Nsp1p/Nup82p complex,2,0.0057,2,353,0.0054,2,368,0.0005,2,3840,0.0004,2,4540,0.0011,2,1869,0.0049,2,408,0.0,0,0
Ntr1p/Ntr2p/Prp43p complex,3,0.0062,2,321,0.0064,2,310,0.0008,3,3840,0.0007,3,4540,0.0011,2,1869,0.0059,2,340,0.5,2,3
NuA3 histone acetyltransferase complex,5,0.0124,3,239,0.0086,3,345,0.001,4,3840,0.0009,4,4540,0.0005,1,1869,0.0063,3,477,0.0,0,0
NuA4 histone acetyltransferase complex,13,0.0602,10,163,0.0667,10,147,0.0031,12,3840,0.0026,12,4540,0.0059,11,1869,0.0144,10,690,0.2778,5,10
Nuclear exosome complex,12,0.034,12,353,0.0326,12,368,0.8,12,15,0.0026,12,4540,0.0064,12,1869,0.0294,12,408,0.5833,7,7
Nucleosomal protein complex,8,0.0219,7,318,0.0473,7,147,0.0021,8,3840,0.0018,8,4540,0.1818,2,5,0.0175,7,399,0.5,5,7
Nup82 nuclear pore subcomplex,3,0.0085,3,353,0.0082,3,368,0.0008,3,3840,0.0007,3,4540,0.0016,3,1869,0.0074,3,408,0.0,0,0
Nup84p complex,6,0.0141,5,353,0.0108,4,368,0.0016,6,3840,0.0013,6,4540,0.0032,6,1869,0.0098,4,408,0.5714,4,5
OAF complex,2,0.0083,2,242,0.0058,2,345,0.0,0,0,0.0004,2,4540,0.0,0,0,0.0042,2,477,0.0,0,0
OCA complex,6,0.0042,2,467,0.012,3,248,0.2857,2,3,0.0013,6,4540,0.5,3,3,0.0034,3,892,0.5,3,3
Origin recognition complex,6,0.0226,6,265,0.0488,6,123,0.6667,6,9,0.0013,6,4540,0.0032,6,1869,0.0123,6,486,0.5,6,12
PAM complex,6,0.0049,1,199,0.0034,1,289,0.001,4,3840,0.0011,5,4540,0.125,1,3,0.0022,2,892,0.1818,2,7
PAN complex,2,0.0101,2,199,0.0054,2,368,0.0005,2,3840,0.0004,2,4540,0.0,0,0,0.0049,2,408,0.0,0,0
Permease-Oxidase Complex,2,0.0044,2,451,0.0041,2,487,0.0051,2,389,0.0004,2,4540,0.25,1,3,0.0043,2,462,0.25,1,3
Phenylalaninine-tRNA-ligase,2,0.0025,2,792,0.0025,2,809,0.0005,2,3840,0.0004,2,4540,0.0,0,0,0.0022,2,892,0.0,0,0
Pho85p/Pcl10p complex,2,0.0042,1,239,0.0066,1,151,0.0005,2,3840,0.0004,2,4540,0.2,1,4,0.0021,1,483,0.2,1,4
Pho85p/Pcl1p complex,2,0.0025,2,792,0.0025,2,809,0.0005,2,3840,0.0004,2,4540,0.2,1,4,0.0022,2,892,0.2,1,4
Pho85p/Pcl2p complex,2,0.0038,1,265,0.0068,1,147,0.0005,2,3840,0.0004,2,4540,0.2,1,4,0.0021,1,486,0.2,1,4
Pho85p/Pcl8p complex,2,0.0041,1,242,0.004,1,248,0.0005,2,3840,0.0004,2,4540,0.2,1,4,0.0021,1,486,0.2,1,4
Pho85p/Pho80p complex,2,0.0025,2,792,0.0025,2,809,0.0005,2,3840,0.0004,2,4540,0.5,2,4,0.0022,2,892,0.5,2,4
Png1p/Rad23p complex,2,0.0111,2,180,0.0012,1,809,0.0003,1,3840,0.0004,2,4540,0.0005,1,1869,0.0011,1,892,0.2,1,4
Polzeta-Rev1p complex,3,0.0113,3,265,0.0244,3,123,0.0008,3,3840,0.0007,3,4540,0.5,2,3,0.0062,3,486,0.3333,2,5
Protein O-mannosyltransferase(Pmt1p/Pmt2p),2,0.0044,2,451,0.0041,2,487,0.2,1,4,0.0004,2,4540,0.0,0,0,0.0043,2,462,0.0,0,0
Protein O-mannosyltransferase(Pmt3p/Pmt5p),2,0.0042,1,238,0.0029,1,345,0.0051,2,389,0.0004,2,4540,0.25,1,3,0.0022,1,462,0.0345,1,28
Prp19-associated complex,8,0.0249,8,321,0.0258,8,310,0.0021,8,3840,0.0018,8,4540,0.0043,8,1869,0.0235,8,340,0.6667,8,12
Prp9p/Prp11p/Prp21p complex(SF3a complex),3,0.0062,2,321,0.0064,2,310,0.0008,3,3840,0.0007,3,4540,0.2,1,3,0.0059,2,340,0.0,0,0
Psr1p/Whi2p complex,2,0.0043,2,467,0.0081,2,248,0.0005,2,3840,0.0004,2,4540,0.0,0,0,0.0029,2,690,0.0,0,0
Pxa1p/Pxa2p complex,2,0.0032,1,316,0.0041,2,487,0.2,1,4,0.0004,2,4540,0.0,0,0,0.0043,2,462,0.0,0,0
Q-biosynthetic Coq polypeptide complex,2,0.0,0,0,0.0,0,0,0.0,0,0,0.0,0,0,0.0,0,0,0.0,0,0,0.0,0,0
RAVE complex,3,0.0038,3,792,0.0069,2,289,0.0008,3,3840,0.0007,3,4540,0.0016,3,1869,0.0034,3,892,0.2,2,9
RENT complex,3,0.0061,1,163,0.0067,1,147,0.0008,3,3840,0.0007,3,4540,1.0,3,3,0.0021,1,483,0.4,2,4
RES complex,3,0.0038,3,792,0.0037,3,809,0.0008,3,3840,0.0007,3,4540,0.75,3,4,0.0034,3,892,1.0,3,3
RING finger peroxin complex,3,0.0085,3,353,0.008,2,248,0.0008,3,3840,0.0007,3,4540,0.1111,2,17,0.0074,3,408,0.4,2,4
RNA Degradation Complex,3,0.0031,1,318,0.0032,1,312,0.0008,3,3840,0.0007,3,4540,0.0005,1,1869,0.0029,1,340,0.125,1,6
RNA polymerase I transcription factor complex,3,0.0043,2,467,0.0044,2,451,0.2,1,3,0.0286,1,33,0.0005,1,1869,0.0029,2,690,0.04,1,23
RNA polymerase I upstream activating factor complex,6,0.0062,2,318,0.0132,2,147,0.001,4,3840,0.0011,5,4540,0.0011,2,1869,0.005,2,399,0.1818,2,7
RSC complex,17,0.0588,10,163,0.0649,10,147,0.0039,15,3840,0.0035,16,4540,0.069,2,14,0.0143,10,690,0.1765,3,3
Rad17p/Ddc1p/Mec3p complex,3,0.01,2,199,0.0075,1,132,0.0008,3,3840,0.0007,3,4540,0.2,1,3,0.0021,1,477,0.75,3,4
Rad53p/Asf1p complex,2,0.0043,2,467,0.0299,2,67,0.0005,2,3840,0.0004,2,4540,0.25,1,3,0.0029,2,690,0.25,1,3
Rad6p/Rad18p complex,2,0.0164,1,60,0.0208,1,47,0.0005,2,3840,0.0004,2,4540,0.25,1,3,0.0029,1,340,0.25,1,3
RecQ helicase-Topo III complex,3,0.0043,2,467,0.0067,3,451,0.0008,3,3840,0.0007,3,4540,0.2,1,3,0.0043,3,690,0.5,2,3
Reg1p/Glc7p complex,2,0.0164,1,60,0.0025,2,809,0.0005,2,3840,0.0004,2,4540,0.0011,2,1869,0.0022,2,892,0.1,1,9
Reg2p/Glc7p complex,2,0.0333,2,60,0.0066,1,151,0.0005,2,3840,0.0004,2,4540,0.0011,2,1869,0.0021,1,483,0.2,1,4
Ribosome-associated complex (RAC),2,0.0063,2,318,0.0064,2,312,0.0005,2,3840,0.0004,2,4540,0.2222,2,9,0.005,2,399,0.4,2,5
Rix1p complex,3,0.0094,3,318,0.0096,3,312,0.0005,2,3840,0.0007,3,4540,0.0011,2,1869,0.0075,3,399,0.25,2,7
Rot2p/Gtb1p complex,2,0.0042,1,239,0.0066,1,151,0.0026,1,389,0.0002,1,4540,0.0,0,0,0.0021,1,483,0.0,0,0
Rpd3L complex,12,0.0671,11,163,0.0671,10,147,0.0031,12,3840,0.0026,12,4540,0.0667,1,4,0.0159,11,690,0.6154,8,9
Rpd3S complex,5,0.0307,5,163,0.034,5,147,0.1429,1,3,0.0011,5,4540,0.0027,5,1869,0.0072,5,690,0.4,4,9
Rsp5p/Bul1 ubiquitin ligase complex,2,0.0084,2,239,0.0066,1,151,0.0005,2,3840,0.0004,2,4540,0.0005,1,1869,0.0021,1,477,0.0,0,0
Rsp5p/Bul2 ubiquitin ligase complex,2,0.0084,2,239,0.0132,2,151,0.0005,2,3840,0.0004,2,4540,0.0005,1,1869,0.0041,2,483,0.0,0,0
Rtg1p/Rtg3p complex,2,0.0063,2,318,0.0136,2,147,0.0005,2,3840,0.0004,2,4540,0.6667,2,3,0.005,2,399,0.6667,2,3
Rtt109p/Vps75p complex,2,0.0063,2,316,0.0136,2,147,0.0005,2,3840,0.0004,2,4540,0.6667,2,3,0.0041,2,483,0.5,2,4
Rvs161p/Rvs167p complex,2,0.0025,2,792,0.0025,2,809,0.0005,2,3840,0.0004,2,4540,0.125,1,7,0.0022,2,892,0.1667,2,12
SAGA complex,20,0.0566,18,316,0.0503,17,335,0.0435,1,4,0.0044,20,4540,0.0435,1,4,0.0371,18,483,0.4,8,8
SAS Complex,3,0.0064,3,467,0.0448,3,67,0.0008,3,3840,0.0007,3,4540,0.6,3,5,0.0043,3,690,0.75,3,4
SBF complex,2,0.0043,2,467,0.0044,2,451,0.0005,2,3840,0.0004,2,4540,0.0011,2,1869,0.0029,2,690,0.6667,2,3
SCF-CDC4 complex,5,0.0109,2,180,0.0062,5,809,0.0013,5,3840,0.0011,5,4540,0.0027,5,1869,0.0056,5,892,0.2308,3,11
SF3b complex,6,0.0093,3,321,0.0096,3,310,0.0013,5,3840,0.0011,5,4540,0.125,1,3,0.0087,3,340,0.0,0,0
SLIK (SAGA-like) complex,17,0.0439,14,316,0.0414,14,335,0.0044,17,3840,0.0037,17,4540,0.05,1,4,0.0288,14,483,0.3158,6,8
SNARE complex,3,0.0126,3,238,0.0054,2,368,0.0008,3,3840,0.0007,3,4540,0.0011,2,1869,0.0049,2,408,0.3333,2,5
SPB components,7,0.0128,6,467,0.0133,6,451,0.0018,7,3840,0.0015,7,4540,0.1667,2,7,0.0087,6,690,0.2222,2,4
STE5-MAPK complex,4,0.0086,4,467,0.0089,4,451,0.001,4,3840,0.0009,4,4540,0.1429,1,4,0.0058,4,690,0.1667,1,3
SWI/SNF complex,12,0.031,10,321,0.0321,10,310,0.0031,12,3840,0.0026,12,4540,0.5294,9,14,0.0292,10,340,0.6923,9,10
Sac3p/Thp1p complex,2,0.0111,2,180,0.0081,2,248,0.5,2,4,0.0004,2,4540,0.6667,2,3,0.0041,2,483,0.6667,2,3
Sap155p/Sit4p complex,2,0.0025,2,792,0.0025,2,809,0.0005,2,3840,0.0004,2,4540,0.25,1,3,0.0022,2,892,0.1429,1,6
Sap185p/Sit4p complex,2,0.0025,2,792,0.0025,2,809,0.0005,2,3840,0.0004,2,4540,0.25,1,3,0.0022,2,892,0.1429,1,6
Sap190p/Sit4p complex,2,0.0025,2,792,0.0025,2,809,0.0005,2,3840,0.0004,2,4540,0.25,1,3,0.0022,2,892,0.3333,2,6
Sds22p/Glc7p complex,2,0.0164,1,60,0.0025,2,809,0.0005,2,3840,0.0004,2,4540,0.0011,2,1869,0.0022,2,892,0.0588,1,16
Sec61p translocon complex,3,0.0067,3,451,0.0062,3,487,0.0077,3,389,0.0007,3,4540,0.0005,1,1869,0.0065,3,462,0.1429,1,5
Sec62p/Sec63p complex,4,0.0089,4,451,0.0082,4,487,0.0103,4,389,0.0009,4,4540,0.125,1,5,0.0087,4,462,0.0,0,0
Set3p complex,7,0.015,7,467,0.0155,7,451,0.0018,7,3840,0.0015,7,4540,0.1111,1,3,0.0101,7,690,0.5556,5,7
Sfb3p/Sec23p complex,2,0.0084,2,238,0.0058,2,345,0.0005,2,3840,0.0004,2,4540,0.0011,2,1869,0.0042,2,477,0.4,2,5
Sgv1p/Bur2p complex,2,0.0062,2,321,0.0065,2,310,0.0005,2,3840,0.0004,2,4540,0.6667,2,3,0.0059,2,340,0.4,2,5
Shq1p/Naf1p complex,2,0.0063,2,318,0.0064,2,312,0.0005,2,3840,0.0004,2,4540,0.0011,2,1869,0.005,2,399,0.5,2,4
Signal recognition particle (SRP),6,0.0189,6,318,0.0192,6,312,0.001,4,3840,0.0013,6,4540,0.5,3,3,0.015,6,399,0.5,3,3
Ski Complex,3,0.0085,3,353,0.0082,3,368,0.0588,1,15,0.0007,3,4540,0.2,1,3,0.0074,3,408,0.5,2,3
Sko1p/Cyc8p/Tup1 repressor complex,3,0.0184,3,163,0.0204,3,147,0.0008,3,3840,0.0007,3,4540,0.75,3,4,0.0043,3,690,0.0,0,0
Sli15p/Bir1p complex,2,0.0043,2,467,0.0029,1,345,0.0005,2,3840,0.0004,2,4540,0.0909,1,10,0.0029,2,690,0.2,1,4
Slx1p/Slx4p complex,2,0.0909,2,22,0.0069,2,289,0.0005,2,3840,0.0004,2,4540,0.0,0,0,0.0041,2,486,0.0,0,0
Slx5p/Slx8p complex,2,0.0025,2,792,0.0034,1,289,0.0005,2,3840,0.0004,2,4540,0.2,1,4,0.0022,2,892,0.0,0,0
Snf1p/Snf4p/Gal83p complex,3,0.0038,3,792,0.0037,3,809,0.0008,3,3840,0.0007,3,4540,0.0016,3,1869,0.0034,3,892,0.25,2,7
Snf1p/Snf4p/Sip1p complex,3,0.0037,1,265,0.0032,1,310,0.0008,3,3840,0.0007,3,4540,0.0016,3,1869,0.0029,1,340,0.25,2,7
Snf1p/Snf4p/Sip2p complex,3,0.0038,3,792,0.0037,3,809,0.0008,3,3840,0.0007,3,4540,0.0016,3,1869,0.0034,3,892,0.25,2,7
Sno1p/Snz1p complex,2,0.0075,2,265,0.0163,2,123,0.3333,2,6,0.0004,2,4540,0.25,2,8,0.0041,2,486,0.2857,2,7
Sod1p/Ccs1p complex,2,0.0042,1,238,0.0029,1,345,0.0005,2,3840,0.0004,2,4540,0.0005,1,1869,0.0021,1,477,0.0,0,0
Sro1p/Sec4p/Sec9p complex,3,0.0084,2,238,0.0032,1,310,0.0008,3,3840,0.0007,3,4540,0.0011,2,1869,0.0029,1,340,0.2,1,3
Ssh1p translocon complex,3,0.0044,2,451,0.0041,2,487,0.0051,2,389,0.0007,3,4540,0.0005,1,1869,0.0043,2,462,0.1111,1,7
Succinate dehydrogenase complex (complex II),4,0.0083,2,239,0.0065,1,151,0.0026,1,389,0.0009,4,4540,0.0,0,0,0.0043,2,462,0.0,0,0
Succinyl-CoA ligase,2,0.025,1,39,0.0147,1,67,0.0333,1,29,0.0294,1,33,0.0,0,0,0.0278,1,35,0.0,0,0
Sum1p/Rfm1p/Hst1p complex,3,0.0064,3,467,0.0067,3,451,0.0008,3,3840,0.0007,3,4540,1.0,3,3,0.0043,3,690,0.4286,3,7
Sur1p/Csg2p complex,2,0.0038,1,265,0.0081,1,123,0.0026,1,389,0.0004,2,4540,0.0005,1,1869,0.0022,1,462,0.0,0,0
Swh1p/Nvj1p complex,2,0.0028,1,353,0.0068,1,147,0.0026,1,389,0.0004,2,4540,0.25,1,3,0.0024,1,408,0.05,1,19
Swr1p complex,13,0.0602,10,163,0.0667,10,147,0.0034,13,3840,0.0029,13,4540,0.0667,1,3,0.0144,10,690,0.2778,5,10
Synaptonemal complex (SC),4,0.0063,2,318,0.0064,2,312,0.001,4,3840,0.0009,4,4540,0.1667,1,3,0.005,2,399,0.125,1,5
THO complex,4,0.0222,4,180,0.0081,3,368,0.001,4,3840,0.0009,4,4540,0.1429,1,4,0.0073,3,408,0.5,3,5
TORC 1 complex,4,0.0095,3,316,0.0089,3,335,0.001,4,3840,0.0009,4,4540,0.1667,1,3,0.0062,3,483,0.5,3,5
TORC 2 complex,8,0.0253,8,316,0.0239,8,335,0.0021,8,3840,0.0018,8,4540,0.3,3,5,0.0166,8,483,0.5,4,4
TRAMP complex (Air1p),3,0.005,1,199,0.0064,2,312,0.0008,3,3840,0.0007,3,4540,0.3333,2,5,0.0025,1,399,0.5,2,3
TRAMP complex (Air2p),3,0.005,1,199,0.0032,1,310,0.0008,3,3840,0.0007,3,4540,0.2,1,3,0.0029,1,340,0.2,1,3
TRAPP complex,10,0.042,10,238,0.1961,10,51,0.8333,10,12,0.7692,10,13,0.8333,10,12,0.021,10,477,0.9091,10,11
Tap42p/Pph21p/Rrd2p complex,3,0.0031,1,321,0.015,2,132,0.0008,3,3840,0.0007,3,4540,0.2,1,3,0.0029,1,340,0.125,1,6
Tap42p/Sit4p/Rrd1p complex,3,0.0028,1,353,0.004,1,248,0.0008,3,3840,0.0007,3,4540,0.5,2,3,0.0024,1,408,0.2857,2,6
Telomerase,3,0.011,2,180,0.015,2,132,0.0003,1,3840,0.0007,3,4540,0.0005,1,1869,0.0042,2,477,0.0,0,0
Tim8p/Tim13p complex,2,0.0909,2,22,0.0069,2,289,0.0005,2,3840,0.0004,2,4540,0.6667,2,3,0.0041,2,486,0.4,2,5
Tof1p/Mrc1p/Csm3p complex,3,0.0056,2,353,0.008,1,123,0.0008,3,3840,0.0007,3,4540,0.0005,1,1869,0.0049,2,408,0.1429,1,5
Tubulins,2,0.0025,2,792,0.0025,2,809,0.0005,2,3840,0.0004,2,4540,0.25,1,3,0.0022,2,892,0.1667,1,5
Tup1p/Ssn6p complex,2,0.0123,2,163,0.0136,2,147,0.0005,2,3840,0.0004,2,4540,0.5,2,4,0.0029,2,690,0.0,0,0
U1 snRNP complex,17,0.053,17,321,0.0548,17,310,0.0044,17,3840,0.0037,17,4540,0.0091,17,1869,0.05,17,340,0.2857,6,10
U2 snRNP complex,18,0.0431,14,321,0.0446,14,310,0.0047,18,3840,0.004,18,4540,0.05,1,3,0.0407,14,340,0.1667,3,3
U4/U6 x U5 tri-snRNP complex,28,0.0839,27,321,0.0868,27,310,0.0073,28,3840,0.0062,28,4540,0.0333,1,3,0.0792,27,340,0.1667,5,7
U5 snRNP complex,14,0.0404,13,321,0.0418,13,310,0.0036,14,3840,0.0031,14,4540,0.007,13,1869,0.0381,13,340,0.1333,2,3
U6 snRNP complex,8,0.0249,8,321,0.0258,8,310,0.0021,8,3840,0.0018,8,4540,0.1,1,3,0.0235,8,340,0.2727,3,6
UDP-N-acetylglucosamine transferase complex,2,0.0038,1,265,0.0069,2,289,0.0005,2,3840,0.0004,2,4540,0.0,0,0,0.0021,1,486,0.0,0,0
UTP A complex,7,0.0188,6,318,0.0192,6,312,0.0018,7,3840,0.0015,7,4540,0.1111,1,3,0.015,6,399,0.1724,5,27
UTP B complex,6,0.0157,5,318,0.016,5,312,0.0016,6,3840,0.0013,6,4540,0.125,1,3,0.0125,5,399,0.1786,5,27
UTP C complex,6,0.0157,5,318,0.0179,1,51,0.0016,6,3840,0.0013,6,4540,0.125,1,3,0.0125,5,399,0.25,3,9
Uba2p/Aos1p complex,2,0.0075,2,265,0.0163,2,123,0.0005,2,3840,0.0004,2,4540,0.0011,2,1869,0.0041,2,486,0.4,2,5
Ubp3p/Bre5p complex,2,0.0055,1,180,0.0152,2,132,0.0005,2,3840,0.0004,2,4540,0.0005,1,1869,0.0021,1,477,0.1667,1,5
Ula1p/Uba3p complex,2,0.0083,2,242,0.0069,2,289,0.0005,2,3840,0.0004,2,4540,0.0,0,0,0.0041,2,486,0.0,0,0
Ume6p/Ime1p complex,2,0.0123,2,163,0.0054,2,368,0.0005,2,3840,0.0004,2,4540,0.5,2,4,0.0049,2,408,0.0,0,0
VTC heterotetrameric complex,4,0.0037,1,265,0.0034,1,289,0.0051,2,389,0.0004,2,4540,0.0005,1,1869,0.0022,1,462,0.0323,1,28
Vam3p/Vam7 vacuolar tSNARE complex,2,0.0084,2,238,0.0058,2,345,0.0005,2,3840,0.0004,2,4540,0.0011,2,1869,0.0042,2,477,0.0,0,0
acetolactate synthase complex,2,0.005,1,199,0.0075,1,132,0.0005,2,3840,0.0004,2,4540,0.0005,1,1869,0.0021,1,477,0.0833,1,11
adenylyl cyclase complex,2,0.0025,2,792,0.0029,1,345,0.0005,2,3840,0.0004,2,4540,0.1667,1,5,0.0022,2,892,0.0833,1,11
adoMet-dependent tRNA methyltransferase (Mtase) Complex,2,0.0075,2,265,0.0163,2,123,0.0005,2,3840,0.0004,2,4540,0.0,0,0,0.0041,2,486,0.0,0,0
alpha DNA polymerase:primase complex,4,0.0151,4,265,0.0325,4,123,0.001,4,3840,0.0009,4,4540,0.1667,1,3,0.0082,4,486,0.0,0,0
anaphase-promoting complex,15,0.6316,12,16,0.75,12,13,0.625,10,11,0.0033,15,4540,0.0588,1,3,0.75,12,13,0.7333,11,11
anthranilate synthase complex,2,0.0025,2,792,0.0025,2,809,0.0005,2,3840,0.0004,2,4540,0.0,0,0,0.0022,2,892,0.0,0,0
box C/D snoRNP complex,4,0.0094,3,318,0.0096,3,312,0.001,4,3840,0.0009,4,4540,0.0021,4,1869,0.0075,3,399,0.3333,2,4
cAMP-dependent protein kinase,4,0.0041,1,238,0.0049,4,809,0.001,4,3840,0.0009,4,4540,0.0021,4,1869,0.0045,4,892,0.75,3,3
calcineurin complex,3,0.0075,2,265,0.004,1,248,0.0008,3,3840,0.0007,3,4540,0.2,1,3,0.0029,1,340,0.2,1,3
carbamoyl-phosphate synthase complex,2,0.0031,1,318,0.0027,1,368,0.0005,2,3840,0.0004,2,4540,0.0011,2,1869,0.0025,1,399,0.2,1,4
carboxy-terminal domain protein kinase complex,3,0.0063,2,318,0.0064,2,312,0.0008,3,3840,0.0007,3,4540,0.0016,3,1869,0.005,2,399,1.0,3,3
chaperonin-containing T-complex,8,0.0101,8,792,0.0099,8,809,0.0021,8,3840,0.0018,8,4540,0.1,1,3,0.009,8,892,0.2222,2,3
chromatin accessibility complex,4,0.0183,3,163,0.0134,2,147,0.0008,3,3840,0.0009,4,4540,0.0016,3,1869,0.0043,3,690,0.2222,2,7
chromatin assembly complex,3,0.0043,2,467,0.0189,1,51,0.0008,3,3840,0.0007,3,4540,1.0,3,3,0.0029,2,690,0.4,2,4
chromatin silencing complex,3,0.0061,1,163,0.0067,1,147,0.0008,3,3840,0.0007,3,4540,0.2,1,3,0.0022,2,892,0.1667,1,4
cohesin loading factor complex,2,0.0043,2,467,0.0044,2,451,0.0005,2,3840,0.0004,2,4540,0.0011,2,1869,0.0029,2,690,0.4,2,5
commitment complex,21,0.0654,21,321,0.0677,21,310,0.0055,21,3840,0.0046,21,4540,0.0435,1,3,0.0618,21,340,0.24,6,10
cytoplasmic dynein complex,4,0.0025,2,792,0.0025,2,809,0.1,1,7,0.0009,4,4540,0.0011,2,1869,0.0022,2,892,0.1667,1,3
cytoplasmic ribosomal large subunit,81,0.0235,6,180,0.0193,7,289,0.0238,2,5,0.012,1,3,0.061,5,6,0.0164,9,477,0.061,5,6
cytoplasmic ribosomal small subunit,57,0.0161,6,321,0.0166,6,310,0.0169,1,3,0.0169,1,3,0.0164,1,5,0.0153,6,340,0.0484,3,8
degradosome,2,0.0164,1,60,0.0208,1,47,0.0005,2,3840,0.0004,2,4540,0.0,0,0,0.0025,1,399,0.0,0,0
dynactin complex,4,0.0085,3,353,0.0081,3,368,0.001,4,3840,0.0009,4,4540,0.6,3,4,0.0073,3,408,0.0,0,0
eEF1,5,0.0063,5,792,0.0062,5,809,0.0013,5,3840,0.0011,5,4540,0.125,1,4,0.0056,5,892,0.0526,1,15
eIF1/eIF1A/40S complex,2,0.0164,1,60,0.0208,1,47,0.0005,2,3840,0.0004,2,4540,0.0005,1,1869,0.0025,1,399,0.0,0,0
eIF2,3,0.0031,1,318,0.0037,3,809,0.0008,3,3840,0.0007,3,4540,0.0016,3,1869,0.0034,3,892,0.0909,1,9
eIF2B,5,0.0063,5,792,0.0062,5,809,0.0013,5,3840,0.0011,5,4540,0.1429,1,3,0.0056,5,892,0.4,4,9
eIF3,7,0.0188,6,318,0.0192,6,312,0.0018,7,3840,0.0015,7,4540,0.1,1,4,0.015,6,399,0.5556,5,7
eIF4F,3,0.0031,1,318,0.0032,1,312,0.0008,3,3840,0.0007,3,4540,0.0909,1,9,0.0025,1,399,0.2,1,3
fatty acid synthase complex,2,0.0032,1,316,0.003,1,335,0.0005,2,3840,0.0004,2,4540,0.0005,1,1869,0.0021,1,483,0.0,0,0
gamma-tubulin complex,3,0.0064,3,467,0.0067,3,451,0.0008,3,3840,0.0007,3,4540,0.4286,3,7,0.0043,3,690,0.3333,2,5
glycine cleavage complex,4,0.0013,1,792,0.0012,1,809,0.0003,1,3840,0.0002,1,4540,0.0005,1,1869,0.0011,1,892,0.0,0,0
glycosylphosphatidylinositol-N-acetylglucosaminyltransferase (GPI-GnT) complex,6,0.0066,3,451,0.0061,3,487,0.0077,3,389,0.0009,4,4540,0.0005,1,1869,0.0065,3,462,0.0833,1,7
guanyl-nucleotide exchange factor complex,2,0.0084,2,238,0.0058,2,345,0.0005,2,3840,0.0004,2,4540,0.6667,2,3,0.0042,2,477,0.2857,2,7
heterodimeric G-protein complex,2,0.0164,1,60,0.004,1,248,0.0005,2,3840,0.0004,2,4540,0.5,2,4,0.0021,1,486,0.6667,2,3
heterotrimeric G-protein complex,3,0.0161,1,60,0.004,1,248,0.0008,3,3840,0.0007,3,4540,0.4,2,4,0.002,1,486,0.5,2,3
histone H2A phosphatase complex,3,0.0083,2,239,0.0064,2,312,0.0008,3,3840,0.0007,3,4540,0.0016,3,1869,0.005,2,399,0.75,3,4
histone deacetylase complex,3,0.0064,3,467,0.0067,3,451,0.0008,3,3840,0.0007,3,4540,0.75,3,4,0.0043,3,690,0.2,1,3
i-AAA complex,2,0.0028,1,353,0.0027,1,368,0.0003,1,3840,0.0002,1,4540,0.0,0,0,0.0024,1,408,0.0,0,0
karyopherin docking subcomplex of the Nuclear Pore Complex (NPC),3,0.0044,2,451,0.0054,2,368,0.0008,3,3840,0.0007,3,4540,0.5,2,3,0.0049,2,408,0.25,2,7
luminal surveillance complex,3,0.0022,1,451,0.002,1,487,0.0026,1,389,0.0004,2,4540,0.1667,1,4,0.0022,1,462,0.2,1,3
m-AAA complex,2,0.0042,1,238,0.0029,1,345,0.2,1,4,0.0004,2,4540,0.6667,2,3,0.0021,1,477,0.6667,2,3
mRNA cleavage and polyadenylation specificity factor complex,15,0.25,15,60,0.2917,14,47,0.0039,15,3840,0.0033,15,4540,0.0455,1,8,0.035,14,399,0.6316,12,16
mRNA cleavage factor complex (CFI),5,0.0656,4,60,0.0833,4,47,0.0013,5,3840,0.0011,5,4540,0.0027,5,1869,0.01,4,399,0.0,0,0
mRNA guanylyl transferase (capping complex),2,0.0042,1,239,0.0064,2,312,0.0005,2,3840,0.0004,2,4540,0.0011,2,1869,0.005,2,399,0.1,1,9
meiotic recombination initiation complex,3,0.0064,3,467,0.0067,3,451,0.0008,3,3840,0.0007,3,4540,0.0,0,0,0.0043,3,690,0.0,0,0
methionyl glutamyl tRNA synthetase complex,3,0.0031,1,316,0.0027,1,368,0.0008,3,3840,0.0007,3,4540,0.0011,2,1869,0.0024,1,408,0.2222,2,8
mitochondrial ATPase inhibitor complex,3,0.0021,1,467,0.0022,1,451,0.0003,1,3840,0.0002,1,4540,0.0005,1,1869,0.0014,1,690,0.05,1,18
mitochondrial inner membrane peptidase complex,3,0.0055,1,180,0.0032,1,310,0.0026,1,389,0.0004,2,4540,0.0,0,0,0.0029,1,340,0.0,0,0
mitochondrial inner membrane presequence translocase complex,6,0.12,3,22,0.0137,4,289,0.0833,1,7,0.0011,5,4540,0.2857,2,3,0.0082,4,486,0.2222,2,5
mitochondrial inner membrane protein insertion complex,4,0.1818,4,22,0.0138,4,289,1.0,4,4,0.0009,4,4540,0.8,4,5,0.0082,4,486,1.0,4,4
mitochondrial intermembrane space protein transporter complex,2,0.0909,2,22,0.0069,2,289,0.0005,2,3840,0.0004,2,4540,0.5,2,4,0.0041,2,486,0.0,0,0
mitochondrial outer membrane translocase complex,7,0.0588,1,11,0.0119,3,248,0.2727,3,7,0.0769,1,7,0.0769,1,7,0.0097,4,408,0.375,3,4
mitochondrial oxoglutarate dehydrogenase complex,3,0.0038,3,792,0.0037,3,809,0.0008,3,3840,0.0007,3,4540,0.0016,3,1869,0.0034,3,892,0.5,2,3
mitochondrial processing peptidase complex,2,0.0028,1,353,0.0054,2,368,0.0005,2,3840,0.0004,2,4540,0.5,2,4,0.0024,1,408,0.6667,2,3
mitochondrial pyruvate dehydrogenase complex,7,0.005,4,792,0.0062,5,809,0.0018,7,3840,0.0015,7,4540,0.1111,1,3,0.0056,5,892,0.25,2,3
mitochondrial ribosomal large subunit,44,0.0863,29,321,0.0859,28,310,0.0185,1,11,0.02,1,7,0.2,9,10,0.0817,29,340,0.2045,9,9
mitochondrial ribosomal small subunit,32,0.5106,24,39,0.3026,23,67,0.4878,20,29,0.4773,21,33,0.5278,19,23,0.5227,23,35,0.5714,20,23
mitochondrial sorting and assembly machinery complex,4,0.0056,2,353,0.0143,1,67,0.0005,2,3840,0.0004,2,4540,0.0005,1,1869,0.0049,2,408,0.1,1,7
mitotic checkpoint complex,4,0.0043,2,467,0.0066,3,451,0.001,4,3840,0.0009,4,4540,0.4,2,3,0.0029,2,690,0.4,2,3
monopolin complex,4,0.0064,3,467,0.0066,3,451,0.001,4,3840,0.0009,4,4540,0.0016,3,1869,0.0043,3,690,0.125,1,5
multi-eIF complex,8,0.0156,5,318,0.0127,4,312,0.0021,8,3840,0.0018,8,4540,0.0833,1,5,0.0099,4,399,0.25,3,7
nascent polypeptide-associated complex,3,0.0082,2,242,0.0069,2,289,0.0008,3,3840,0.0007,3,4540,0.0005,1,1869,0.0041,2,486,0.0769,1,11
nuclear cohesin complex,5,0.0085,4,467,0.0088,4,451,0.001,4,3840,0.0009,4,4540,0.1429,1,3,0.0058,4,690,0.25,2,5
nuclear condensin complex,5,0.0043,2,467,0.0044,2,451,0.0008,3,3840,0.0007,3,4540,0.0011,2,1869,0.0029,2,690,0.1429,1,3
nuclear ubiquitin ligase complex,4,0.0051,4,792,0.0049,4,809,0.001,4,3840,0.0009,4,4540,0.0021,4,1869,0.0045,4,892,0.1667,1,3
nucleolar ribonuclease P complex,9,0.022,7,316,0.0602,8,132,0.5556,5,5,0.6154,8,12,0.0,0,0,0.0144,7,483,0.0,0,0
nucleotide-excision repair factor 1 complex,3,0.0038,3,792,0.0037,3,809,0.0008,3,3840,0.0007,3,4540,0.0016,3,1869,0.0034,3,892,0.1,1,8
nucleotide-excision repair factor 2 complex,2,0.0111,2,180,0.0025,2,809,0.0005,2,3840,0.0004,2,4540,0.0011,2,1869,0.0022,2,892,0.5,2,4
nucleotide-excision repair factor 3 complex,7,0.0063,5,792,0.0062,5,809,0.0018,7,3840,0.0015,7,4540,0.375,3,4,0.0056,5,892,0.25,2,3
nucleotide-excision repair factor 4 complex,4,0.011,2,180,0.0064,2,312,0.001,4,3840,0.0009,4,4540,0.0016,3,1869,0.005,2,399,0.1,1,7
oligosaccharyl transferase complex,9,0.02,9,451,0.0185,9,487,0.0231,9,389,0.002,9,4540,0.0048,9,1869,0.0195,9,462,0.7778,7,7
other DNA repair complexes,2,0.0025,2,792,0.0025,2,809,0.0005,2,3840,0.0004,2,4540,0.0011,2,1869,0.0022,2,892,0.2222,2,9
palmitoyltransferase complex,2,0.0101,2,199,0.0152,2,132,0.6667,2,3,0.0004,2,4540,0.0,0,0,0.0042,2,477,0.0,0,0
peroxin docking complex,3,0.0085,3,353,0.0121,3,248,0.0008,3,3840,0.0007,3,4540,0.2,1,3,0.0074,3,408,0.4,2,4
phosphatidylinositol (PtdIns) 3-kinase complex (functions in CPY sorting),4,0.0165,4,242,0.0089,4,451,0.75,3,3,0.75,3,3,0.75,3,3,0.0058,4,690,0.75,3,3
phosphatidylinositol (PtdIns) 3-kinase complex (functions in autophagy),4,0.0165,4,242,0.0089,4,451,0.4,2,3,0.4,2,3,0.4,2,3,0.0058,4,690,0.4,2,3
polarisome complex,3,0.0064,3,467,0.0067,3,451,0.0008,3,3840,0.0007,3,4540,0.2,1,3,0.0043,3,690,0.2,1,3
prefoldin complex,6,0.0107,5,467,0.0111,5,451,0.0016,6,3840,0.0013,6,4540,0.7143,5,6,0.0072,5,690,0.5,3,3
prohibitin complex,2,0.0031,1,318,0.0068,1,147,0.0003,1,3840,0.0002,1,4540,0.0,0,0,0.0025,1,399,0.0,0,0
protein farnesyltransferase complex,2,0.0043,2,467,0.0044,2,451,0.25,1,3,0.5,2,4,0.0,0,0,0.0029,2,690,0.0,0,0
protein kinase CK2 complex,4,0.0126,4,318,0.0128,4,312,0.001,4,3840,0.0009,4,4540,0.1667,1,3,0.01,4,399,0.3,3,9
protein phosphatase type 2A complex (Cdc55p),3,0.0025,2,792,0.015,2,132,0.0008,3,3840,0.0007,3,4540,0.0016,3,1869,0.0022,2,892,0.2,1,3
protein phosphatase type 2A complex (Rts1p),3,0.0043,2,467,0.0227,3,132,0.0008,3,3840,0.0007,3,4540,0.0016,3,1869,0.0029,2,690,0.0222,1,43
retromer complex,5,0.0251,5,199,0.016,5,312,1.0,5,5,0.0011,5,4540,1.0,5,5,0.0125,5,399,1.0,5,5
ribonuclease H2 complex,3,0.0063,2,318,0.008,1,123,0.0008,3,3840,0.0007,3,4540,0.0,0,0,0.005,2,399,0.0,0,0
ribonuclease MRP complex,10,0.0219,7,316,0.0597,8,132,0.5,5,5,0.5714,8,12,0.0,0,0,0.0165,8,483,0.0,0,0
ribonucleoside-diphosphate reductase complex,3,0.0038,3,792,0.0037,3,809,0.0008,3,3840,0.0007,3,4540,0.0016,3,1869,0.0034,3,892,0.0,0,0
serine C-palmitoyltransferase complex,2,0.0022,1,451,0.002,1,487,0.2,1,4,0.0004,2,4540,0.0011,2,1869,0.0022,1,462,0.2,1,4
signal peptidase complex,4,0.0044,2,451,0.0041,2,487,0.0077,3,389,0.0009,4,4540,0.0011,2,1869,0.0043,2,462,0.02,1,47
signal recognition particle receptor complex,2,0.0042,1,239,0.004,1,248,0.0026,1,389,0.0004,2,4540,0.0005,1,1869,0.0022,1,462,0.0208,1,47
signalosome complex,6,0.0276,5,180,0.0111,5,451,0.0016,6,3840,0.0013,6,4540,0.5,3,3,0.0072,5,690,0.8333,5,5
smc5p-Smc6p complex,8,0.0263,7,265,0.048,6,123,0.05,1,13,0.0018,8,4540,0.3333,3,4,0.0144,7,486,0.375,3,3
sulfite reductase complex (NADPH),2,0.0013,1,792,0.0012,1,809,0.0003,1,3840,0.0002,1,4540,0.0005,1,1869,0.0011,1,892,0.1,1,9
tRNA Methyltransferase Complex,2,0.0025,2,792,0.0025,2,809,0.0005,2,3840,0.0004,2,4540,0.0,0,0,0.0022,2,892,0.0,0,0
tRNA-intron endonuclease complex,4,0.0123,3,242,0.012,3,248,0.001,4,3840,0.0009,4,4540,1.0,4,4,0.0062,3,486,0.5,4,8
transcription export complex,3,0.011,2,180,0.0054,2,368,0.0008,3,3840,0.0007,3,4540,0.0011,2,1869,0.0049,2,408,0.1429,1,5
transcription factor TFIIA complex,2,0.0101,2,199,0.006,2,335,0.0005,2,3840,0.0004,2,4540,0.0011,2,1869,0.0041,2,483,0.5,2,4
transcription factor TFIID complex,15,0.0442,14,316,0.0417,14,335,0.0039,15,3840,0.0033,15,4540,0.0556,1,4,0.0311,15,483,0.4,6,6
transcription factor TFIIE complex,2,0.0063,2,316,0.0132,2,151,0.0005,2,3840,0.0004,2,4540,0.0011,2,1869,0.0041,2,483,0.2222,2,9
transcription factor TFIIF complex,3,0.0126,3,239,0.0199,3,151,0.0008,3,3840,0.0007,3,4540,0.0016,3,1869,0.0062,3,483,0.5,2,3
transcription factor TFIIH complex,10,0.0122,3,239,0.019,3,151,0.0026,10,3840,0.0022,10,4540,0.2727,3,4,0.0102,5,483,0.2727,3,4
transcription factor TFIIIB complex,3,0.0095,3,316,0.009,3,335,0.0008,3,3840,0.0007,3,4540,0.5,3,6,0.0062,3,483,0.3333,2,5
transcription factor TFIIIC complex,6,0.0158,5,316,0.0179,6,335,0.0016,6,3840,0.0013,6,4540,0.3333,3,6,0.0103,5,483,0.375,3,5
translation release factor complex,2,0.0063,2,318,0.0032,1,310,0.0005,2,3840,0.0004,2,4540,0.6667,2,3,0.005,2,399,0.0,0,0
ubiquitin conjugating enzyme complex,2,0.0042,1,239,0.0066,1,151,0.0005,2,3840,0.0004,2,4540,0.6667,2,3,0.0021,1,483,0.25,1,3
ubiquitin ligase ERAD-L complex,5,0.0049,1,199,0.0074,1,132,0.0051,2,389,0.0009,4,4540,0.2857,2,4,0.0043,2,462,0.3333,2,3
ubiquitin ligase ERAD-M complex,2,0.0044,2,451,0.0041,2,487,0.0051,2,389,0.0004,2,4540,0.5,2,4,0.0043,2,462,0.6667,2,3
zeta DNA polymerase complex,2,0.0075,2,265,0.0163,2,123,0.0005,2,3840,0.0004,2,4540,0.25,1,3,0.0041,2,486,0.1667,1,5
